name,album,release_date,track_number,id,uri,acousticness,danceability,energy,instrumentalness,liveness,loudness,speechiness,tempo,valence,popularity,duration_ms
Fortnight (feat. Post Malone),THE TORTURED POETS DEPARTMENT: THE ANTHOLOGY,2024-04-19,1,6dODwocEuGzHAavXqTbwHv,spotify:track:6dODwocEuGzHAavXqTbwHv,0.502,0.504,0.386,1.53e-05,0.0961,-10.976,0.0308,192.004,0.281,89,228965
The Tortured Poets Department,THE TORTURED POETS DEPARTMENT: THE ANTHOLOGY,2024-04-19,2,4PdLaGZubp4lghChqp8erB,spotify:track:4PdLaGZubp4lghChqp8erB,0.0483,0.604,0.428,0.0,0.126,-8.441,0.0255,110.259,0.292,87,293048
My Boy Only Breaks His Favorite Toys,THE TORTURED POETS DEPARTMENT: THE ANTHOLOGY,2024-04-19,3,7uGYWMwRy24dm7RUDDhUlD,spotify:track:7uGYWMwRy24dm7RUDDhUlD,0.137,0.596,0.563,0.0,0.302,-7.362,0.0269,97.073,0.481,88,203801
Down Bad,THE TORTURED POETS DEPARTMENT: THE ANTHOLOGY,2024-04-19,4,1kbEbBdEgQdQeLXCJh28pJ,spotify:track:1kbEbBdEgQdQeLXCJh28pJ,0.56,0.541,0.366,1e-06,0.0946,-10.412,0.0748,159.707,0.168,89,261228
"So Long, London",THE TORTURED POETS DEPARTMENT: THE ANTHOLOGY,2024-04-19,5,7wAkQFShJ27V8362MqevQr,spotify:track:7wAkQFShJ27V8362MqevQr,0.73,0.423,0.533,0.00264,0.0816,-11.388,0.322,160.218,0.248,88,262974
But Daddy I Love Him,THE TORTURED POETS DEPARTMENT: THE ANTHOLOGY,2024-04-19,6,4QMgEffJQuKtjCNvqfRZ0m,spotify:track:4QMgEffJQuKtjCNvqfRZ0m,0.384,0.521,0.72,0.0,0.135,-7.684,0.104,79.943,0.438,88,340428
Fresh Out The Slammer,THE TORTURED POETS DEPARTMENT: THE ANTHOLOGY,2024-04-19,7,7IWcDWOfiooH5hRs9XOVYz,spotify:track:7IWcDWOfiooH5hRs9XOVYz,0.624,0.33,0.483,0.0,0.111,-9.394,0.0399,87.115,0.34,86,210789
Florida!!! (feat. Florence + The Machine),THE TORTURED POETS DEPARTMENT: THE ANTHOLOGY,2024-04-19,8,5ExOm0dh4NyRyAdSAO9hyM,spotify:track:5ExOm0dh4NyRyAdSAO9hyM,0.178,0.533,0.573,0.0,0.309,-7.123,0.138,150.088,0.398,87,215463
Guilty as Sin?,THE TORTURED POETS DEPARTMENT: THE ANTHOLOGY,2024-04-19,9,799KrpEbhZp0MHeiA8YK9P,spotify:track:799KrpEbhZp0MHeiA8YK9P,0.607,0.626,0.428,0.0,0.0921,-8.374,0.0261,94.95,0.487,88,254365
Who’s Afraid of Little Old Me?,THE TORTURED POETS DEPARTMENT: THE ANTHOLOGY,2024-04-19,10,2d8UxVNhJinc8uat9PoM9y,spotify:track:2d8UxVNhJinc8uat9PoM9y,0.315,0.606,0.338,0.0,0.106,-10.555,0.048,119.88,0.238,88,334084
I Can Fix Him (No Really I Can),THE TORTURED POETS DEPARTMENT: THE ANTHOLOGY,2024-04-19,11,5chnRTB9qMK3W1M41SnU9s,spotify:track:5chnRTB9qMK3W1M41SnU9s,0.768,0.661,0.257,1.72e-06,0.176,-13.961,0.045,106.896,0.318,85,156297
loml,THE TORTURED POETS DEPARTMENT: THE ANTHOLOGY,2024-04-19,12,3YkNIrAvbKNrrwwEd7NVLl,spotify:track:3YkNIrAvbKNrrwwEd7NVLl,0.858,0.423,0.272,0.0,0.108,-12.56,0.0489,78.539,0.195,86,277156
I Can Do It With a Broken Heart,THE TORTURED POETS DEPARTMENT: THE ANTHOLOGY,2024-04-19,13,2fPvQfGQEZOKtJ9qXeL4x8,spotify:track:2fPvQfGQEZOKtJ9qXeL4x8,0.123,0.701,0.751,0.0,0.15,-8.39,0.0502,129.994,0.22,89,218004
The Smallest Man Who Ever Lived,THE TORTURED POETS DEPARTMENT: THE ANTHOLOGY,2024-04-19,14,1xtw1krCR6Dw2KwkXw5z63,spotify:track:1xtw1krCR6Dw2KwkXw5z63,0.52,0.426,0.41,0.0,0.338,-9.083,0.0581,142.377,0.263,87,245541
The Alchemy,THE TORTURED POETS DEPARTMENT: THE ANTHOLOGY,2024-04-19,15,1tuNqJOtRQVHvONR8Lg3MZ,spotify:track:1tuNqJOtRQVHvONR8Lg3MZ,0.422,0.64,0.421,0.0,0.103,-8.802,0.0273,100.056,0.353,86,196900
Clara Bow,THE TORTURED POETS DEPARTMENT: THE ANTHOLOGY,2024-04-19,16,4d9PtIEVij9jW5OaLinH66,spotify:track:4d9PtIEVij9jW5OaLinH66,0.636,0.686,0.318,0.00144,0.106,-11.046,0.0263,104.088,0.214,84,216662
The Black Dog,THE TORTURED POETS DEPARTMENT: THE ANTHOLOGY,2024-04-19,17,62E2nR0od0M5HYxuYLaDz7,spotify:track:62E2nR0od0M5HYxuYLaDz7,0.707,0.527,0.27,0.0,0.102,-10.855,0.038,154.042,0.23,86,238857
imgonnagetyouback,THE TORTURED POETS DEPARTMENT: THE ANTHOLOGY,2024-04-19,18,1kcwpPDQnqEqmezzXdJTCP,spotify:track:1kcwpPDQnqEqmezzXdJTCP,0.608,0.784,0.391,0.0,0.252,-9.471,0.0633,110.007,0.15,87,222072
The Albatross,THE TORTURED POETS DEPARTMENT: THE ANTHOLOGY,2024-04-19,19,4EF6IyONolQy0bIQXm2EmX,spotify:track:4EF6IyONolQy0bIQXm2EmX,0.655,0.352,0.479,0.0,0.0935,-8.942,0.0583,172.013,0.292,84,183878
Chloe or Sam or Sophia or Marcus,THE TORTURED POETS DEPARTMENT: THE ANTHOLOGY,2024-04-19,20,1rmEsOezwf2lmIZTMAO5Ag,spotify:track:1rmEsOezwf2lmIZTMAO5Ag,0.78,0.516,0.451,0.0,0.105,-8.552,0.0446,70.266,0.218,84,213281
How Did It End?,THE TORTURED POETS DEPARTMENT: THE ANTHOLOGY,2024-04-19,21,5Bedn0svl0ZD7RGmJkmKKw,spotify:track:5Bedn0svl0ZD7RGmJkmKKw,0.785,0.492,0.379,0.00093,0.108,-8.859,0.0257,83.993,0.273,85,238706
So High School,THE TORTURED POETS DEPARTMENT: THE ANTHOLOGY,2024-04-19,22,7Mts0OfPorF4iwOomvfqn1,spotify:track:7Mts0OfPorF4iwOomvfqn1,0.0274,0.366,0.866,3.07e-06,0.106,-4.514,0.0466,176.07,0.293,87,228800
I Hate It Here,THE TORTURED POETS DEPARTMENT: THE ANTHOLOGY,2024-04-19,23,3hlGuz3loYoLfI3bpwieWq,spotify:track:3hlGuz3loYoLfI3bpwieWq,0.717,0.485,0.562,0.0,0.357,-7.197,0.0346,105.953,0.297,84,243875
thanK you aIMee,THE TORTURED POETS DEPARTMENT: THE ANTHOLOGY,2024-04-19,24,7ogK4lJDVDMU6A6vYR5rvD,spotify:track:7ogK4lJDVDMU6A6vYR5rvD,0.609,0.609,0.541,0.0,0.122,-8.013,0.0346,95.997,0.252,84,263817
I Look in People's Windows,THE TORTURED POETS DEPARTMENT: THE ANTHOLOGY,2024-04-19,25,1Zai5UJ2di3qEuR2HeT2s8,spotify:track:1Zai5UJ2di3qEuR2HeT2s8,0.69,0.763,0.274,0.0,0.164,-11.429,0.0738,90.796,0.385,83,131907
The Prophecy,THE TORTURED POETS DEPARTMENT: THE ANTHOLOGY,2024-04-19,26,18WFFUIsewmA8g31KAeo3e,spotify:track:18WFFUIsewmA8g31KAeo3e,0.825,0.421,0.525,2.67e-06,0.308,-10.359,0.0472,167.927,0.535,86,249807
Cassandra,THE TORTURED POETS DEPARTMENT: THE ANTHOLOGY,2024-04-19,27,0g4fMVo4JjwnIpTfFfLdxS,spotify:track:0g4fMVo4JjwnIpTfFfLdxS,0.806,0.587,0.587,0.0,0.137,-9.879,0.0595,139.963,0.514,83,240205
Peter,THE TORTURED POETS DEPARTMENT: THE ANTHOLOGY,2024-04-19,28,3zMDGj4D8ogaYgAIZPeU7S,spotify:track:3zMDGj4D8ogaYgAIZPeU7S,0.805,0.342,0.376,0.0,0.0593,-8.212,0.0372,176.859,0.29,84,283957
The Bolter,THE TORTURED POETS DEPARTMENT: THE ANTHOLOGY,2024-04-19,29,2913xXOVAIDAqxzV2g4VcU,spotify:track:2913xXOVAIDAqxzV2g4VcU,0.638,0.455,0.586,0.0,0.131,-7.978,0.0492,183.694,0.481,84,238241
Robin,THE TORTURED POETS DEPARTMENT: THE ANTHOLOGY,2024-04-19,30,2CnjDMdpRjlWv04Xk3s6MW,spotify:track:2CnjDMdpRjlWv04Xk3s6MW,0.791,0.476,0.386,0.000423,0.1,-10.601,0.03,138.265,0.158,81,240893
The Manuscript,THE TORTURED POETS DEPARTMENT: THE ANTHOLOGY,2024-04-19,31,1DTRUYVd8rYpla9hhVVwjo,spotify:track:1DTRUYVd8rYpla9hhVVwjo,0.901,0.509,0.256,2.43e-06,0.103,-11.665,0.0306,94.184,0.436,81,224743
"""Slut!"" (Taylor's Version) (From The Vault)",1989 (Taylor's Version) [Deluxe],2023-10-27,17,0CD7DzeCsuPJygddqlUVYa,spotify:track:0CD7DzeCsuPJygddqlUVYa,0.33,0.621,0.415,0.000112,0.0634,-13.187,0.0543,77.978,0.313,64,180381
Say Don't Go (Taylor's Version) (From The Vault),1989 (Taylor's Version) [Deluxe],2023-10-27,18,3CCRVu4F91Qp2mnGjmWBrf,spotify:track:3CCRVu4F91Qp2mnGjmWBrf,0.0684,0.632,0.539,5.82e-06,0.132,-8.375,0.0342,109.962,0.186,63,279833
Now That We Don't Talk (Taylor's Version) (From The Vault),1989 (Taylor's Version) [Deluxe],2023-10-27,19,5QUIK7ZtziW8kGWo8RqopF,spotify:track:5QUIK7ZtziW8kGWo8RqopF,0.16,0.8,0.509,3.05e-05,0.0834,-9.386,0.034,109.994,0.0768,64,146436
Suburban Legends (Taylor's Version) (From The Vault),1989 (Taylor's Version) [Deluxe],2023-10-27,20,6M9ppdfFjR1AbpUl3Y8DcV,spotify:track:6M9ppdfFjR1AbpUl3Y8DcV,0.212,0.695,0.607,0.0,0.102,-8.84,0.0357,118.043,0.394,60,171818
Is It Over Now? (Taylor's Version) (From The Vault),1989 (Taylor's Version) [Deluxe],2023-10-27,21,6IG3sQ8s9nfk6TUlVzRhbN,spotify:track:6IG3sQ8s9nfk6TUlVzRhbN,0.0486,0.599,0.651,0.0,0.126,-7.343,0.035,100.001,0.153,65,229477
Bad Blood (feat. Kendrick Lamar) (Taylor's Version),1989 (Taylor's Version) [Deluxe],2023-10-27,22,6qAcApH8obo8eqatCKUHd9,spotify:track:6qAcApH8obo8eqatCKUHd9,0.0143,0.604,0.644,0.0,0.237,-6.931,0.0889,170.088,0.197,73,199773
Electric Touch (feat. Fall Out Boy) (Taylor’s Version) (From The Vault),Speak Now (Taylor's Version),2023-07-07,17,4e3ZNTAV6PCrdYMUrUlMpQ,spotify:track:4e3ZNTAV6PCrdYMUrUlMpQ,0.018,0.547,0.854,0.0,0.156,-4.753,0.0526,131.068,0.26,68,266466
When Emma Falls in Love (Taylor’s Version) (From The Vault),Speak Now (Taylor's Version),2023-07-07,18,0zo975x58DlXbZllWvfYhg,spotify:track:0zo975x58DlXbZllWvfYhg,0.168,0.524,0.759,0.0,0.104,-4.714,0.0471,77.879,0.234,66,252385
I Can See You (Taylor’s Version) (From The Vault),Speak Now (Taylor's Version),2023-07-07,19,5kHMfzgLZP95O9NBy0ku4v,spotify:track:5kHMfzgLZP95O9NBy0ku4v,0.0577,0.695,0.768,0.0,0.0426,-4.883,0.0344,123.054,0.813,75,273186
Castles Crumbling (feat. Hayley Williams) (Taylor’s Version) (From The Vault),Speak Now (Taylor's Version),2023-07-07,20,4ABYxlb92WBIjHu7TIKmml,spotify:track:4ABYxlb92WBIjHu7TIKmml,0.342,0.578,0.565,0.0,0.0662,-8.064,0.0441,147.781,0.351,67,306062
Foolish One (Taylor’s Version) (From The Vault),Speak Now (Taylor's Version),2023-07-07,21,4s8BIKx4Zh6ryAEz8RTlaU,spotify:track:4s8BIKx4Zh6ryAEz8RTlaU,0.599,0.672,0.613,0.0,0.112,-4.709,0.0298,97.041,0.557,69,311765
Timeless (Taylor’s Version) (From The Vault),Speak Now (Taylor's Version),2023-07-07,22,1HCdems7PQZRj42QDWLA0A,spotify:track:1HCdems7PQZRj42QDWLA0A,0.332,0.629,0.578,0.0,0.0868,-5.806,0.0319,142.887,0.651,68,321396
Lavender Haze,Midnights (3am Edition),2022-10-22,1,4g2c7NoTWAOSYDy44l9nub,spotify:track:4g2c7NoTWAOSYDy44l9nub,0.23,0.735,0.449,0.00126,0.132,-10.56,0.0883,97.05,0.0955,62,202395
Maroon,Midnights (3am Edition),2022-10-22,2,199E1RRrVmVTQqBXih5qRC,spotify:track:199E1RRrVmVTQqBXih5qRC,0.0634,0.655,0.384,1.45e-06,0.0973,-8.29,0.0349,108.058,0.0384,61,218270
Anti-Hero,Midnights (3am Edition),2022-10-22,3,02Zkkf2zMkwRGQjZ7T4p8f,spotify:track:02Zkkf2zMkwRGQjZ7T4p8f,0.121,0.633,0.648,2.62e-06,0.161,-6.645,0.062,96.888,0.49,62,200690
Snow On The Beach (feat. Lana Del Rey),Midnights (3am Edition),2022-10-22,4,6ADDIJxxqzM9LMpm78yzQG,spotify:track:6ADDIJxxqzM9LMpm78yzQG,0.701,0.663,0.321,0.000598,0.107,-13.527,0.0409,110.021,0.153,62,256124
"You're On Your Own, Kid",Midnights (3am Edition),2022-10-22,5,7gVWKBcfIW93YxNBi3ApIE,spotify:track:7gVWKBcfIW93YxNBi3ApIE,0.447,0.696,0.39,1.55e-05,0.125,-10.331,0.0616,120.032,0.395,62,194206
Midnight Rain,Midnights (3am Edition),2022-10-22,6,6Nl7KyvjkFncGsjB49SxLl,spotify:track:6Nl7KyvjkFncGsjB49SxLl,0.71,0.604,0.375,5.87e-05,0.116,-11.637,0.0633,137.651,0.203,62,174782
Question...?,Midnights (3am Edition),2022-10-22,7,6C7OF1Jal7YkyjzyUG8vkK,spotify:track:6C7OF1Jal7YkyjzyUG8vkK,0.206,0.654,0.51,0.0,0.249,-8.767,0.242,108.874,0.105,58,210556
Vigilante Shit,Midnights (3am Edition),2022-10-22,8,5yeuXkukVGuix3vmLu2BPJ,spotify:track:5yeuXkukVGuix3vmLu2BPJ,0.166,0.872,0.267,2.18e-05,0.123,-10.764,0.387,79.964,0.168,61,164801
Bejeweled,Midnights (3am Edition),2022-10-22,9,0jvo9CjnbR0lYUDTSNTMiu,spotify:track:0jvo9CjnbR0lYUDTSNTMiu,0.0593,0.687,0.551,0.000143,0.09,-9.202,0.0787,163.994,0.443,63,194165
Karma,Midnights (3am Edition),2022-10-22,11,5oqDgw5VGBln5dSIOPWyBq,spotify:track:5oqDgw5VGBln5dSIOPWyBq,0.062,0.64,0.619,0.0,0.475,-7.108,0.065,90.008,0.121,67,204852
Sweet Nothing,Midnights (3am Edition),2022-10-22,12,3zmwONxswBAzGwExPugSLN,spotify:track:3zmwONxswBAzGwExPugSLN,0.968,0.336,0.161,0.00011,0.115,-14.973,0.0456,176.48,0.407,60,188496
Mastermind,Midnights (3am Edition),2022-10-22,13,56hioFjQ0DXrdn04hZcFgG,spotify:track:56hioFjQ0DXrdn04hZcFgG,0.565,0.66,0.343,0.00134,0.0922,-14.132,0.14,125.96,0.137,66,191039
The Great War,Midnights (3am Edition),2022-10-22,14,3UMrglJeju5yWyYIW6o99b,spotify:track:3UMrglJeju5yWyYIW6o99b,0.199,0.57,0.747,2.32e-05,0.0854,-8.93,0.0342,96.016,0.574,69,240355
Bigger Than The Whole Sky,Midnights (3am Edition),2022-10-22,15,0BiqmkasE5FdrChwKfVp8X,spotify:track:0BiqmkasE5FdrChwKfVp8X,0.841,0.42,0.22,0.00131,0.114,-12.584,0.0472,165.564,0.0705,66,218502
Paris,Midnights (3am Edition),2022-10-22,16,7712gjoih4QoDbXpljEk21,spotify:track:7712gjoih4QoDbXpljEk21,0.103,0.703,0.518,2.89e-05,0.148,-10.501,0.085,110.94,0.347,65,196258
High Infidelity,Midnights (3am Edition),2022-10-22,17,5kiZGSxgqPdv6rbqL9THdd,spotify:track:5kiZGSxgqPdv6rbqL9THdd,0.704,0.571,0.547,0.0,0.0877,-10.141,0.101,175.933,0.768,65,231475
Glitch,Midnights (3am Edition),2022-10-22,18,6wAFvJPpTZVirBKGZ4EnMW,spotify:track:6wAFvJPpTZVirBKGZ4EnMW,0.314,0.677,0.47,0.0,0.11,-9.65,0.259,140.881,0.347,63,148781
"Would've, Could've, Should've",Midnights (3am Edition),2022-10-22,19,0aV5uARAknQgYhBaK944FP,spotify:track:0aV5uARAknQgYhBaK944FP,0.393,0.485,0.846,0.00115,0.124,-6.557,0.117,157.918,0.548,68,260361
Dear Reader,Midnights (3am Edition),2022-10-22,20,3QF5RsWzK1lCvf2o2cY65P,spotify:track:3QF5RsWzK1lCvf2o2cY65P,0.464,0.674,0.39,0.00122,0.116,-11.944,0.0483,107.891,0.151,64,225194
Better Man (Taylor's Version) (From The Vault),Red (Taylor's Version),2021-11-12,22,4OmFmE0fzcMG6g0Y8p4eSD,spotify:track:4OmFmE0fzcMG6g0Y8p4eSD,0.214,0.473,0.579,0.0,0.0877,-5.824,0.0384,73.942,0.255,67,297013
Nothing New (feat. Phoebe Bridgers) (Taylor’s Version) (From The Vault),Red (Taylor's Version),2021-11-12,23,01K4zKU104LyJ8gMb7227B,spotify:track:01K4zKU104LyJ8gMb7227B,0.817,0.606,0.377,0.0,0.154,-9.455,0.0275,101.96,0.446,71,258812
Babe (Taylor's Version) (From The Vault),Red (Taylor's Version),2021-11-12,24,0v4z1tuZvn6LGknom9Qx7d,spotify:track:0v4z1tuZvn6LGknom9Qx7d,0.0538,0.584,0.743,2.83e-06,0.121,-7.075,0.0931,167.844,0.746,67,224240
Message In A Bottle (Taylor's Version) (From The Vault),Red (Taylor's Version),2021-11-12,25,3z6XUommYDWPHeFhmhhT6j,spotify:track:3z6XUommYDWPHeFhmhhT6j,0.00188,0.622,0.791,3.72e-06,0.083,-6.106,0.0535,115.915,0.494,69,225960
I Bet You Think About Me (feat. Chris Stapleton) (Taylor’s Version) (From The Vault),Red (Taylor's Version),2021-11-12,26,4CkgMiMqZ5JzW9iYXSTMTL,spotify:track:4CkgMiMqZ5JzW9iYXSTMTL,0.167,0.391,0.715,0.0,0.183,-4.516,0.0495,149.654,0.473,70,285106
Forever Winter (Taylor's Version) (From The Vault),Red (Taylor's Version),2021-11-12,27,3oGVx9RBmiYGv5ZCecWLkx,spotify:track:3oGVx9RBmiYGv5ZCecWLkx,0.256,0.611,0.552,0.0,0.134,-5.828,0.031,116.012,0.41,63,263533
Run (feat. Ed Sheeran) (Taylor’s Version) (From The Vault),Red (Taylor's Version),2021-11-12,28,4IQkfUsrwXol38VV3U7t7T,spotify:track:4IQkfUsrwXol38VV3U7t7T,0.817,0.61,0.488,0.0,0.312,-6.918,0.0293,125.039,0.443,64,240226
The Very First Night (Taylor's Version) (From The Vault),Red (Taylor's Version),2021-11-12,29,6pYNq0ZwpPVazKzsqpf0G8,spotify:track:6pYNq0ZwpPVazKzsqpf0G8,0.00115,0.678,0.733,0.0,0.104,-5.025,0.0281,121.009,0.581,69,200280
All Too Well (10 Minute Version) (Taylor's Version) (From The Vault),Red (Taylor's Version),2021-11-12,30,5enxwA8aAbwZbf5qCHORXi,spotify:track:5enxwA8aAbwZbf5qCHORXi,0.274,0.631,0.518,0.0,0.088,-8.771,0.0303,93.023,0.205,81,613026
willow,evermore (deluxe version),2021-01-07,1,2gVhfX2Gy1T9kDuS9azrF7,spotify:track:2gVhfX2Gy1T9kDuS9azrF7,0.833,0.392,0.574,0.00179,0.145,-9.195,0.17,81.112,0.529,66,214706
champagne problems,evermore (deluxe version),2021-01-07,2,1gcyHQpBQ1lfXGdhZmWrHP,spotify:track:1gcyHQpBQ1lfXGdhZmWrHP,0.92,0.462,0.24,0.0,0.113,-12.077,0.0377,171.319,0.32,67,244000
gold rush,evermore (deluxe version),2021-01-07,3,3Dby3p1m6IOZn2gIIqECgK,spotify:track:3Dby3p1m6IOZn2gIIqECgK,0.83,0.512,0.462,0.166,0.121,-10.491,0.0408,112.05,0.353,64,185320
‘tis the damn season,evermore (deluxe version),2021-01-07,4,6sQckd3Z8NPxVVKUnavY1F,spotify:track:6sQckd3Z8NPxVVKUnavY1F,0.735,0.575,0.434,6.59e-05,0.105,-8.193,0.0312,145.916,0.348,64,229840
tolerate it,evermore (deluxe version),2021-01-07,5,6lCvK2AR2uOKkVFCVlAzzm,spotify:track:6lCvK2AR2uOKkVFCVlAzzm,0.878,0.316,0.361,2.67e-05,0.0797,-10.381,0.0488,74.952,0.221,66,245440
"no body, no crime (feat. HAIM)",evermore (deluxe version),2021-01-07,6,6uwfVkaOM1mcMkFmSn35ix,spotify:track:6uwfVkaOM1mcMkFmSn35ix,0.418,0.546,0.613,0.0,0.103,-7.589,0.0264,79.015,0.535,63,215626
happiness,evermore (deluxe version),2021-01-07,7,55Vf4bimc1Rtfg0PAQRAo2,spotify:track:55Vf4bimc1Rtfg0PAQRAo2,0.87,0.559,0.334,0.0,0.114,-10.733,0.0376,122.079,0.211,62,315146
dorothea,evermore (deluxe version),2021-01-07,8,66tOfHVH3aUrscg8vExRV4,spotify:track:66tOfHVH3aUrscg8vExRV4,0.696,0.605,0.488,0.0,0.129,-8.322,0.0264,119.966,0.354,61,225880
coney island (feat. The National),evermore (deluxe version),2021-01-07,9,2awNGIJHodfLZSClB3PYhz,spotify:track:2awNGIJHodfLZSClB3PYhz,0.819,0.537,0.537,0.000904,0.142,-11.266,0.0617,107.895,0.292,63,275320
ivy,evermore (deluxe version),2021-01-07,10,43Ykum9T72UOPhBN31grpN,spotify:track:43Ykum9T72UOPhBN31grpN,0.855,0.515,0.545,1.97e-05,0.0921,-9.277,0.0353,88.856,0.535,63,260440
cowboy like me,evermore (deluxe version),2021-01-07,11,52OkpDsU6MmPx1AwGOb6Ap,spotify:track:52OkpDsU6MmPx1AwGOb6Ap,0.768,0.604,0.517,0.000155,0.123,-9.014,0.0347,127.967,0.511,63,275040
long story short,evermore (deluxe version),2021-01-07,12,5VYWxXUpxuxEmCqMLDqICo,spotify:track:5VYWxXUpxuxEmCqMLDqICo,0.66,0.546,0.73,0.179,0.0972,-7.704,0.0417,157.895,0.573,62,215920
marjorie,evermore (deluxe version),2021-01-07,13,5uICWmZTLkpEVbK22PBP6e,spotify:track:5uICWmZTLkpEVbK22PBP6e,0.876,0.535,0.561,0.000136,0.115,-11.609,0.0484,96.103,0.287,63,257773
closure,evermore (deluxe version),2021-01-07,14,6a8aUhYbaQBUI8PcJ5ZmQ6,spotify:track:6a8aUhYbaQBUI8PcJ5ZmQ6,0.835,0.689,0.704,4.83e-06,0.134,-10.813,0.245,151.884,0.92,60,180653
evermore (feat. Bon Iver),evermore (deluxe version),2021-01-07,15,6Wlq9rqkxrqj5Kls4Kw14H,spotify:track:6Wlq9rqkxrqj5Kls4Kw14H,0.937,0.39,0.27,0.00227,0.111,-10.673,0.0308,125.177,0.32,64,304106
right where you left me - bonus track,evermore (deluxe version),2021-01-07,16,3zwMVvkBe2qIKDObWgXw4N,spotify:track:3zwMVvkBe2qIKDObWgXw4N,0.769,0.581,0.619,0.000106,0.117,-6.524,0.0282,137.915,0.645,75,245026
it’s time to go - bonus track,evermore (deluxe version),2021-01-07,17,1kdWw77ZpYOkhxeuhzU1j6,spotify:track:1kdWw77ZpYOkhxeuhzU1j6,0.801,0.592,0.41,1.39e-05,0.09,-12.426,0.0397,151.923,0.416,66,254640
the 1 - the long pond studio sessions,folklore: the long pond studio sessions (from the Disney+ special) [deluxe edition],2020-11-25,1,08J4bMHbILkwSIhbtrcvjN,spotify:track:08J4bMHbILkwSIhbtrcvjN,0.898,0.708,0.25,0.026,0.102,-10.731,0.0361,139.803,0.156,53,219893
cardigan - the long pond studio sessions,folklore: the long pond studio sessions (from the Disney+ special) [deluxe edition],2020-11-25,2,3EPgWM1zfTSzEc0z4AwWTM,spotify:track:3EPgWM1zfTSzEc0z4AwWTM,0.88,0.395,0.234,0.0,0.107,-9.704,0.0382,86.478,0.247,54,230680
the last great american dynasty - the long pond studio sessions,folklore: the long pond studio sessions (from the Disney+ special) [deluxe edition],2020-11-25,3,28tIMaewZuGR8urkvFhQyA,spotify:track:28tIMaewZuGR8urkvFhQyA,0.743,0.64,0.618,0.004,0.0574,-11.715,0.0379,147.948,0.614,51,232346
exile (feat. Bon Iver) - the long pond studio sessions,folklore: the long pond studio sessions (from the Disney+ special) [deluxe edition],2020-11-25,4,7N015NTIWGjQDddHUdHPoO,spotify:track:7N015NTIWGjQDddHUdHPoO,0.848,0.359,0.305,6.74e-05,0.111,-10.295,0.0306,151.956,0.108,52,279893
my tears ricochet - the long pond studio sessions,folklore: the long pond studio sessions (from the Disney+ special) [deluxe edition],2020-11-25,5,5mdNyCS7ttVcAyVYOIFEjs,spotify:track:5mdNyCS7ttVcAyVYOIFEjs,0.946,0.531,0.172,1.01e-05,0.0615,-12.34,0.0351,129.007,0.168,55,295173
mirrorball - the long pond studio sessions,folklore: the long pond studio sessions (from the Disney+ special) [deluxe edition],2020-11-25,6,2yceD2hx5HhOLgkm1CITCi,spotify:track:2yceD2hx5HhOLgkm1CITCi,0.78,0.509,0.386,3.45e-05,0.118,-8.434,0.0272,109.993,0.109,52,237373
seven - the long pond studio sessions,folklore: the long pond studio sessions (from the Disney+ special) [deluxe edition],2020-11-25,7,4cOWq0cVsKjxaQpRMbDoH1,spotify:track:4cOWq0cVsKjxaQpRMbDoH1,0.914,0.694,0.449,0.000126,0.1,-11.49,0.0301,94.963,0.363,50,208986
august - the long pond studio sessions,folklore: the long pond studio sessions (from the Disney+ special) [deluxe edition],2020-11-25,8,4MGexoZc12lqE0hYkq9YYx,spotify:track:4MGexoZc12lqE0hYkq9YYx,0.5,0.554,0.663,4.77e-05,0.791,-8.961,0.0324,89.977,0.545,53,260000
this is me trying - the long pond studio sessions,folklore: the long pond studio sessions (from the Disney+ special) [deluxe edition],2020-11-25,9,1gaLZjPrDnHQWJds2Jg4KT,spotify:track:1gaLZjPrDnHQWJds2Jg4KT,0.928,0.435,0.332,0.000898,0.0867,-11.611,0.031,68.097,0.157,54,209293
illicit affairs - the long pond studio sessions,folklore: the long pond studio sessions (from the Disney+ special) [deluxe edition],2020-11-25,10,560uQyz3p5G9WdnMX39xc6,spotify:track:560uQyz3p5G9WdnMX39xc6,0.883,0.489,0.235,0.0,0.113,-10.274,0.0356,117.699,0.435,52,183720
invisible string - the long pond studio sessions,folklore: the long pond studio sessions (from the Disney+ special) [deluxe edition],2020-11-25,11,5KByGq0JijSSDcy0qzuINs,spotify:track:5KByGq0JijSSDcy0qzuINs,0.942,0.59,0.282,4.85e-06,0.11,-10.542,0.0281,83.438,0.351,50,257359
mad woman - the long pond studio sessions,folklore: the long pond studio sessions (from the Disney+ special) [deluxe edition],2020-11-25,12,04xrhDrQ2WOW8GLwu7kbc0,spotify:track:04xrhDrQ2WOW8GLwu7kbc0,0.887,0.663,0.465,0.000168,0.109,-10.463,0.0408,141.834,0.346,49,238333
epiphany - the long pond studio sessions,folklore: the long pond studio sessions (from the Disney+ special) [deluxe edition],2020-11-25,13,4yyKppX85ZkmlGOC2toBZA,spotify:track:4yyKppX85ZkmlGOC2toBZA,0.916,0.524,0.2,0.000392,0.068,-13.004,0.0274,93.87,0.113,49,274880
betty - the long pond studio sessions,folklore: the long pond studio sessions (from the Disney+ special) [deluxe edition],2020-11-25,14,1mh5dObNoOvCfHmXnhvDEK,spotify:track:1mh5dObNoOvCfHmXnhvDEK,0.841,0.538,0.316,0.0,0.119,-9.5,0.0299,95.68,0.518,50,290040
peace - the long pond studio sessions,folklore: the long pond studio sessions (from the Disney+ special) [deluxe edition],2020-11-25,15,4YHHz3VIXgNDGdoL9xC1tx,spotify:track:4YHHz3VIXgNDGdoL9xC1tx,0.93,0.619,0.344,7.61e-05,0.0734,-11.472,0.0647,149.897,0.513,49,214373
hoax - the long pond studio sessions,folklore: the long pond studio sessions (from the Disney+ special) [deluxe edition],2020-11-25,16,0QTBsdoJhamY3Aid3fOsOd,spotify:track:0QTBsdoJhamY3Aid3fOsOd,0.962,0.682,0.155,0.0,0.18,-13.083,0.0394,118.832,0.483,50,221800
the lakes - the long pond studio sessions,folklore: the long pond studio sessions (from the Disney+ special) [deluxe edition],2020-11-25,17,6mqyTq948oap5AkyTsd6XF,spotify:track:6mqyTq948oap5AkyTsd6XF,0.794,0.606,0.221,0.0,0.0888,-11.767,0.0468,89.844,0.112,52,199733
the 1,folklore (deluxe version),2020-08-18,1,4pfrrhvplbJZAIsfosGWQP,spotify:track:4pfrrhvplbJZAIsfosGWQP,0.75,0.78,0.361,7.14e-06,0.108,-6.942,0.048,139.902,0.163,67,210240
cardigan,folklore (deluxe version),2020-08-18,2,0KRYCBwIpWYFNrXOmXbyUh,spotify:track:0KRYCBwIpWYFNrXOmXbyUh,0.525,0.612,0.58,0.000414,0.26,-8.572,0.0419,130.045,0.534,67,239560
the last great american dynasty,folklore (deluxe version),2020-08-18,3,2olxzvoFI9IpxqFeUv7WOX,spotify:track:2olxzvoFI9IpxqFeUv7WOX,0.481,0.688,0.653,0.00414,0.106,-8.558,0.0403,147.991,0.701,66,231000
exile (feat. Bon Iver),folklore (deluxe version),2020-08-18,4,5S4aYQAJOwJMAamANWlICO,spotify:track:5S4aYQAJOwJMAamANWlICO,0.761,0.31,0.374,2.46e-05,0.11,-8.464,0.0275,75.938,0.16,67,285640
my tears ricochet,folklore (deluxe version),2020-08-18,5,5P2bHCDM2tsgIaYWsZMhu5,spotify:track:5P2bHCDM2tsgIaYWsZMhu5,0.814,0.456,0.265,0.0,0.0679,-10.663,0.0328,129.947,0.112,67,255893
mirrorball,folklore (deluxe version),2020-08-18,6,2I8YAEA1VmCuP1wkJHMpTw,spotify:track:2I8YAEA1VmCuP1wkJHMpTw,0.686,0.549,0.417,1.9e-06,0.0604,-10.064,0.035,110.137,0.347,65,208973
seven,folklore (deluxe version),2020-08-18,7,76mOLcXOjOEhyY4mMF1l3r,spotify:track:76mOLcXOjOEhyY4mMF1l3r,0.888,0.602,0.494,2.59e-05,0.0902,-10.813,0.0277,94.955,0.374,65,208906
august,folklore (deluxe version),2020-08-18,8,6nK2pIKFcRc5frrZKHgsiT,spotify:track:6nK2pIKFcRc5frrZKHgsiT,0.553,0.387,0.634,6.93e-05,0.0931,-9.222,0.0363,89.567,0.42,67,261920
this is me trying,folklore (deluxe version),2020-08-18,9,7cm50Lw03k6VvRauJtkyTj,spotify:track:7cm50Lw03k6VvRauJtkyTj,0.312,0.511,0.478,2.3e-05,0.147,-9.837,0.0322,135.882,0.408,66,195106
illicit affairs,folklore (deluxe version),2020-08-18,10,6DrLROM5MG9bxWHeEG5elq,spotify:track:6DrLROM5MG9bxWHeEG5elq,0.862,0.529,0.304,0.0,0.108,-10.567,0.0356,119.58,0.44,66,190893
invisible string,folklore (deluxe version),2020-08-18,11,2ehRU518I0hYqMGQnk4lDY,spotify:track:2ehRU518I0hYqMGQnk4lDY,0.859,0.651,0.459,6.63e-05,0.105,-11.128,0.0507,83.455,0.454,65,252880
mad woman,folklore (deluxe version),2020-08-18,12,0RP1kqoSPkVXsKiQNhMKzV,spotify:track:0RP1kqoSPkVXsKiQNhMKzV,0.67,0.593,0.7,6.77e-06,0.116,-9.016,0.0492,141.898,0.451,63,237266
epiphany,folklore (deluxe version),2020-08-18,13,1EXa37LpSvi3OQ9UYQ28rD,spotify:track:1EXa37LpSvi3OQ9UYQ28rD,0.727,0.317,0.254,0.000326,0.0867,-13.679,0.0286,93.933,0.103,62,289746
betty,folklore (deluxe version),2020-08-18,14,3IhtE4fkytdrtEfV34UzkD,spotify:track:3IhtE4fkytdrtEfV34UzkD,0.589,0.595,0.376,0.0,0.0989,-8.767,0.0256,95.946,0.476,64,294520
peace,folklore (deluxe version),2020-08-18,15,6JlI8Ay77m4nJvZTHvfT1J,spotify:track:6JlI8Ay77m4nJvZTHvfT1J,0.916,0.644,0.284,1.5e-05,0.0909,-12.879,0.0821,150.072,0.328,62,234000
hoax,folklore (deluxe version),2020-08-18,16,0YeDG5HnKnG7jpArkzsSPa,spotify:track:0YeDG5HnKnG7jpArkzsSPa,0.964,0.676,0.178,7.9e-06,0.135,-15.01,0.0394,118.84,0.404,62,220040
the lakes - bonus track,folklore (deluxe version),2020-08-18,17,0eFQWVz0qIxDOvhLpZ40P7,spotify:track:0eFQWVz0qIxDOvhLpZ40P7,0.842,0.313,0.258,1.3e-06,0.0948,-11.532,0.0383,179.947,0.268,66,211813
I Forgot That You Existed,Lover,2019-08-23,1,43rA71bccXFGD4C8GOpIlN,spotify:track:43rA71bccXFGD4C8GOpIlN,0.298,0.664,0.316,2.03e-06,0.0812,-10.345,0.519,92.875,0.541,72,170640
Cruel Summer,Lover,2019-08-23,2,1BxfuPKGuaTgP7aM0Bbdwr,spotify:track:1BxfuPKGuaTgP7aM0Bbdwr,0.117,0.552,0.702,2.06e-05,0.105,-5.707,0.157,169.994,0.564,94,178426
Lover,Lover,2019-08-23,3,1dGr1c8CrMLDpV6mPbImSI,spotify:track:1dGr1c8CrMLDpV6mPbImSI,0.492,0.359,0.543,1.58e-05,0.118,-7.582,0.0919,68.534,0.453,87,221306
The Man,Lover,2019-08-23,4,3RauEVgRgj1IuWdJ9fDs70,spotify:track:3RauEVgRgj1IuWdJ9fDs70,0.0767,0.777,0.658,0.0,0.0901,-5.191,0.054,110.048,0.633,82,190360
The Archer,Lover,2019-08-23,5,3pHkh7d0lzM2AldUtz2x37,spotify:track:3pHkh7d0lzM2AldUtz2x37,0.12,0.292,0.574,0.00569,0.0663,-9.375,0.0401,124.344,0.166,77,211240
I Think He Knows,Lover,2019-08-23,6,2YWtcWi3a83pdEg3Gif4Pd,spotify:track:2YWtcWi3a83pdEg3Gif4Pd,0.00889,0.897,0.366,0.000353,0.0715,-8.029,0.0569,100.003,0.416,72,173386
Miss Americana & The Heartbreak Prince,Lover,2019-08-23,7,214nt20w5wOxJnY462klLw,spotify:track:214nt20w5wOxJnY462klLw,0.028,0.662,0.747,0.00615,0.138,-6.926,0.0736,150.088,0.487,79,234146
Paper Rings,Lover,2019-08-23,8,4y5bvROuBDPr5fuwXbIBZR,spotify:track:4y5bvROuBDPr5fuwXbIBZR,0.0129,0.811,0.719,1.36e-05,0.0742,-6.553,0.0497,103.979,0.865,79,222400
Cornelia Street,Lover,2019-08-23,9,12M5uqx0ZuwkpLp5rJim1a,spotify:track:12M5uqx0ZuwkpLp5rJim1a,0.781,0.824,0.624,0.000189,0.1,-9.728,0.0827,102.012,0.248,74,287266
Death By A Thousand Cuts,Lover,2019-08-23,10,2dgFqt3w9xIQRjhPtwNk3D,spotify:track:2dgFqt3w9xIQRjhPtwNk3D,0.454,0.712,0.732,0.0,0.319,-6.754,0.0629,94.071,0.313,72,198533
London Boy,Lover,2019-08-23,11,1LLXZFeAHK9R4xUramtUKw,spotify:track:1LLXZFeAHK9R4xUramtUKw,0.0246,0.695,0.71,0.000104,0.133,-6.639,0.05,157.925,0.557,74,190240
Soon You’ll Get Better (feat. The Chicks),Lover,2019-08-23,12,4AYtqFyFbX0Xkc2wtcygTr,spotify:track:4AYtqFyFbX0Xkc2wtcygTr,0.907,0.433,0.182,0.0,0.123,-12.566,0.0641,207.476,0.421,66,201586
False God,Lover,2019-08-23,13,5hQSXkFgbxjZo9uCwd11so,spotify:track:5hQSXkFgbxjZo9uCwd11so,0.736,0.739,0.32,0.000147,0.111,-10.862,0.239,79.97,0.351,73,200306
You Need To Calm Down,Lover,2019-08-23,14,6RRNNciQGZEXnqk8SQ9yv5,spotify:track:6RRNNciQGZEXnqk8SQ9yv5,0.00929,0.771,0.671,0.0,0.0637,-5.617,0.0553,85.026,0.714,81,171360
Afterglow,Lover,2019-08-23,15,1SymEzIT3H8UZfibCs3TYi,spotify:track:1SymEzIT3H8UZfibCs3TYi,0.13,0.756,0.449,0.0,0.114,-8.746,0.0344,111.011,0.399,75,223293
ME! (feat. Brendon Urie of Panic! At The Disco),Lover,2019-08-23,16,2Rk4JlNc2TPmZe2af99d45,spotify:track:2Rk4JlNc2TPmZe2af99d45,0.033,0.61,0.83,0.0,0.118,-4.105,0.0571,182.162,0.728,76,193000
It’s Nice To Have A Friend,Lover,2019-08-23,17,1SmiQ65iSAbPto6gPFlBYm,spotify:track:1SmiQ65iSAbPto6gPFlBYm,0.971,0.737,0.175,0.000337,0.171,-9.912,0.0401,70.008,0.545,66,150440
Daylight,Lover,2019-08-23,18,1fzAuUVbzlhZ1lJAx9PtY6,spotify:track:1fzAuUVbzlhZ1lJAx9PtY6,0.808,0.557,0.496,0.000173,0.0772,-9.602,0.0563,149.983,0.265,79,293453
...Ready For It?,reputation,2017-11-10,1,2yLa0QULdQr0qAIvVwN6B5,spotify:track:2yLa0QULdQr0qAIvVwN6B5,0.0527,0.613,0.764,0.0,0.197,-6.509,0.136,160.015,0.417,82,208186
End Game,reputation,2017-11-10,2,2x0WlnmfG39ZuDmstl9xfX,spotify:track:2x0WlnmfG39ZuDmstl9xfX,0.00845,0.649,0.589,0.0,0.108,-6.237,0.0558,159.073,0.151,75,244826
I Did Something Bad,reputation,2017-11-10,3,4svZDCRz4cJoneBpjpx8DJ,spotify:track:4svZDCRz4cJoneBpjpx8DJ,0.0679,0.696,0.602,2.11e-05,0.0696,-6.156,0.159,82.989,0.305,75,238253
Don’t Blame Me,reputation,2017-11-10,4,1R0a2iXumgCiFb7HEZ7gUE,spotify:track:1R0a2iXumgCiFb7HEZ7gUE,0.106,0.615,0.534,1.76e-05,0.0607,-6.719,0.0386,135.917,0.193,85,236413
Delicate,reputation,2017-11-10,5,6NFyWDv5CjfwuzoCkw47Xf,spotify:track:6NFyWDv5CjfwuzoCkw47Xf,0.216,0.75,0.404,0.000357,0.0911,-10.178,0.0682,95.045,0.0499,81,232253
Look What You Made Me Do,reputation,2017-11-10,6,1P17dC1amhFzptugyAO7Il,spotify:track:1P17dC1amhFzptugyAO7Il,0.204,0.766,0.709,1.41e-05,0.126,-6.471,0.123,128.07,0.506,81,211853
So It Goes...,reputation,2017-11-10,7,5PxFv9yJEg9dxvbZggykro,spotify:track:5PxFv9yJEg9dxvbZggykro,0.122,0.574,0.61,1.1e-06,0.13,-7.283,0.0732,74.957,0.374,69,227906
Gorgeous,reputation,2017-11-10,8,1ZY1PqizIl78geGM4xWlEA,spotify:track:1ZY1PqizIl78geGM4xWlEA,0.0713,0.8,0.535,9.48e-06,0.213,-6.684,0.135,92.027,0.451,77,209680
Getaway Car,reputation,2017-11-10,9,0VE4kBnHJUgtMf0dy6DRmW,spotify:track:0VE4kBnHJUgtMf0dy6DRmW,0.00465,0.562,0.689,2.23e-06,0.0888,-6.745,0.127,172.054,0.351,79,233626
King Of My Heart,reputation,2017-11-10,10,7HuBDWi18s4aJM8UFnNheH,spotify:track:7HuBDWi18s4aJM8UFnNheH,0.00882,0.675,0.703,2.21e-06,0.0391,-7.902,0.0382,110.01,0.314,72,214320
Dancing With Our Hands Tied,reputation,2017-11-10,11,7I7JbDv63ZJJsSi24DyJrz,spotify:track:7I7JbDv63ZJJsSi24DyJrz,0.0604,0.624,0.691,1.1e-05,0.138,-6.686,0.196,160.024,0.284,72,211506
Dress,reputation,2017-11-10,12,6oVxXO5oQ4pTpO8RSnkzvv,spotify:track:6oVxXO5oQ4pTpO8RSnkzvv,0.0329,0.719,0.469,0.0,0.169,-8.792,0.0533,120.085,0.0851,76,230373
This Is Why We Can't Have Nice Things,reputation,2017-11-10,13,07NxDD1iKCHbAldceD7QLP,spotify:track:07NxDD1iKCHbAldceD7QLP,0.0156,0.567,0.789,0.0,0.382,-5.986,0.115,163.96,0.438,70,207133
Call It What You Want,reputation,2017-11-10,14,1GwMQaZz6Au3QLDbjbMdme,spotify:track:1GwMQaZz6Au3QLDbjbMdme,0.186,0.598,0.504,0.000221,0.34,-9.874,0.0731,163.954,0.252,75,203506
New Year’s Day,reputation,2017-11-10,15,7F5oktn5YOsR9eR5YsFtqb,spotify:track:7F5oktn5YOsR9eR5YsFtqb,0.921,0.661,0.151,0.0,0.13,-12.864,0.0354,94.922,0.23,70,235466
All Too Well,reputation Stadium Tour Surprise Song Playlist,2017-11-09,1,00vJzaoxM3Eja1doBUhX0P,spotify:track:00vJzaoxM3Eja1doBUhX0P,0.0448,0.463,0.605,0.000334,0.128,-7.803,0.0293,186.113,0.317,36,329160
Wildest Dreams,reputation Stadium Tour Surprise Song Playlist,2017-11-09,2,22C0JIVhFaczZ4t9heqREN,spotify:track:22C0JIVhFaczZ4t9heqREN,0.0703,0.55,0.688,0.00138,0.106,-7.416,0.0904,139.998,0.461,39,220440
The Best Day,reputation Stadium Tour Surprise Song Playlist,2017-11-09,3,7APTsjmZbj7TFXQJAiRti4,spotify:track:7APTsjmZbj7TFXQJAiRti4,0.638,0.668,0.448,4.1e-06,0.158,-8.567,0.0285,126.066,0.386,30,246306
Red,reputation Stadium Tour Surprise Song Playlist,2017-11-09,4,4V9NuhKQcUFt4cgbynHV79,spotify:track:4V9NuhKQcUFt4cgbynHV79,0.0779,0.605,0.899,0.000124,0.0911,-4.273,0.0423,124.982,0.647,34,223093
Holy Ground,reputation Stadium Tour Surprise Song Playlist,2017-11-09,5,4hCZk6WJBFQeG3P7WsyntI,spotify:track:4hCZk6WJBFQeG3P7WsyntI,0.0159,0.627,0.816,0.0022,0.0965,-6.698,0.0774,157.043,0.648,30,202960
Teardrops On My Guitar - Radio Single Remix,reputation Stadium Tour Surprise Song Playlist,2017-11-09,6,7eGeUVeCEvEQrivmjl9Qn3,spotify:track:7eGeUVeCEvEQrivmjl9Qn3,0.315,0.626,0.427,0.0,0.138,-6.993,0.0234,99.962,0.265,32,204706
Our Song,reputation Stadium Tour Surprise Song Playlist,2017-11-09,7,7qGr3rjRhndRIpFUA5f2HJ,spotify:track:7qGr3rjRhndRIpFUA5f2HJ,0.114,0.545,0.663,0.0,0.321,-5.05,0.0363,178.016,0.565,38,203440
22,reputation Stadium Tour Surprise Song Playlist,2017-11-09,8,2P5gfMtCcKP0CkmgqFMyPg,spotify:track:2P5gfMtCcKP0CkmgqFMyPg,0.00254,0.66,0.732,0.00146,0.0473,-6.565,0.0379,104.009,0.677,36,232120
I Knew You Were Trouble.,reputation Stadium Tour Surprise Song Playlist,2017-11-09,9,2o2IVjuqRkR9hJxtPjtAP0,spotify:track:2o2IVjuqRkR9hJxtPjtAP0,0.00476,0.536,0.464,2.74e-06,0.0358,-6.761,0.0412,77.318,0.666,37,219720
I Don’t Wanna Live Forever (Fifty Shades Darker),reputation Stadium Tour Surprise Song Playlist,2017-11-09,10,55n9yjI6qqXh5F2mYvUc2y,spotify:track:55n9yjI6qqXh5F2mYvUc2y,0.059,0.73,0.444,1.8e-05,0.14,-8.418,0.0538,117.979,0.106,80,247160
Mean,reputation Stadium Tour Surprise Song Playlist,2017-11-09,11,5rcHBt2aNcGFWW0jaAUe1L,spotify:track:5rcHBt2aNcGFWW0jaAUe1L,0.449,0.576,0.755,0.0,0.223,-3.982,0.0427,163.884,0.791,33,238693
How You Get The Girl,reputation Stadium Tour Surprise Song Playlist,2017-11-09,12,3aSYZ4upQ6OSNos26YeVWL,spotify:track:3aSYZ4upQ6OSNos26YeVWL,0.00363,0.764,0.657,0.00899,0.0918,-6.112,0.0503,119.995,0.546,31,247533
So It Goes...,reputation Stadium Tour Surprise Song Playlist,2017-11-09,13,41T04yafZVrjNq2FqvLtId,spotify:track:41T04yafZVrjNq2FqvLtId,0.122,0.578,0.61,1.1e-06,0.13,-7.283,0.0676,74.996,0.371,53,227906
Fifteen,reputation Stadium Tour Surprise Song Playlist,2017-11-09,14,0H2UD0LfSCiRr59YMGlCuS,spotify:track:0H2UD0LfSCiRr59YMGlCuS,0.07,0.549,0.63,0.0,0.138,-4.436,0.027,95.124,0.217,30,295320
Mine,reputation Stadium Tour Surprise Song Playlist,2017-11-09,15,6FmJKLpyCt42nP2IOVEVc2,spotify:track:6FmJKLpyCt42nP2IOVEVc2,0.00311,0.622,0.781,3.1e-06,0.187,-2.945,0.0302,121.029,0.662,38,231866
Sparks Fly,reputation Stadium Tour Surprise Song Playlist,2017-11-09,16,5h2sBwpUSAndjObfU3ti2r,spotify:track:5h2sBwpUSAndjObfU3ti2r,0.041,0.61,0.782,0.0,0.16,-2.98,0.0309,114.974,0.399,31,262920
State Of Grace,reputation Stadium Tour Surprise Song Playlist,2017-11-09,17,0YRGTdfmJPALpglAaraYUr,spotify:track:0YRGTdfmJPALpglAaraYUr,0.000182,0.591,0.828,0.00115,0.0879,-5.895,0.0333,129.958,0.383,28,295720
Haunted,reputation Stadium Tour Surprise Song Playlist,2017-11-09,18,6CB7DczrX9ZJB9Wkjegmaq,spotify:track:6CB7DczrX9ZJB9Wkjegmaq,0.0655,0.43,0.948,0.0,0.0612,-2.622,0.0605,162.026,0.371,30,245413
Never Grow Up,reputation Stadium Tour Surprise Song Playlist,2017-11-09,19,1UPDfqsVIZLEiZeMuUsni2,spotify:track:1UPDfqsVIZLEiZeMuUsni2,0.824,0.714,0.309,0.0,0.136,-8.828,0.0302,124.892,0.546,29,292920
Treacherous,reputation Stadium Tour Surprise Song Playlist,2017-11-09,20,0r3U7SOcoj4DIEyN44Lt5z,spotify:track:0r3U7SOcoj4DIEyN44Lt5z,0.101,0.704,0.621,4.3e-06,0.14,-8.086,0.0334,109.996,0.395,27,242760
Babe,reputation Stadium Tour Surprise Song Playlist,2017-11-09,21,40PXEOFLJc7UIpLMrhSfW1,spotify:track:40PXEOFLJc7UIpLMrhSfW1,0.0221,0.577,0.785,0.0,0.125,-3.266,0.102,171.78,0.647,30,215106
Welcome To New York,reputation Stadium Tour Surprise Song Playlist,2017-11-09,22,3YLA3NgzFRRa7LiHMtFPby,spotify:track:3YLA3NgzFRRa7LiHMtFPby,0.0348,0.789,0.634,1.69e-06,0.302,-4.762,0.0323,117.0,0.658,31,212600
Fearless,reputation Stadium Tour Surprise Song Playlist,2017-11-09,23,43sE2O3skbGBpT2tO6fzv9,spotify:track:43sE2O3skbGBpT2tO6fzv9,0.0381,0.603,0.717,0.0,0.307,-4.401,0.0272,100.163,0.429,30,242973
Enchanted,reputation Stadium Tour Surprise Song Playlist,2017-11-09,24,5lg33MHs1BoUtJVClw8ZpI,spotify:track:5lg33MHs1BoUtJVClw8ZpI,0.0707,0.536,0.629,0.00117,0.158,-3.907,0.0275,81.963,0.222,41,353253
Change,reputation Stadium Tour Surprise Song Playlist,2017-11-09,25,5PSOWHll3h3Vy226xSJk0M,spotify:track:5PSOWHll3h3Vy226xSJk0M,0.00418,0.543,0.764,0.0,0.111,-4.206,0.0377,95.999,0.233,27,281053
Ours,reputation Stadium Tour Surprise Song Playlist,2017-11-09,26,0V3SNHDka1JSCP71HAzpxw,spotify:track:0V3SNHDka1JSCP71HAzpxw,0.469,0.609,0.56,0.0,0.087,-7.392,0.0279,159.838,0.228,31,239346
Out Of The Woods,reputation Stadium Tour Surprise Song Playlist,2017-11-09,27,0GmfiNHSgkKamYgQEMYOH3,spotify:track:0GmfiNHSgkKamYgQEMYOH3,0.000743,0.553,0.841,1.07e-05,0.341,-6.937,0.0397,91.999,0.339,33,235800
Come Back...Be Here,reputation Stadium Tour Surprise Song Playlist,2017-11-09,28,5hiqtrACtMJkNpaNHj0n9Z,spotify:track:5hiqtrACtMJkNpaNHj0n9Z,0.00471,0.486,0.548,2.06e-06,0.0997,-6.291,0.0256,79.873,0.22,29,223920
A Place in this World,reputation Stadium Tour Surprise Song Playlist,2017-11-09,29,2RSYYe7LhKFxIi50T5XtUo,spotify:track:2RSYYe7LhKFxIi50T5XtUo,0.0576,0.573,0.767,0.0,0.327,-2.929,0.0323,114.985,0.438,28,202080
This Love,reputation Stadium Tour Surprise Song Playlist,2017-11-09,30,64KRxmbqypPBlya4nxFmDn,spotify:track:64KRxmbqypPBlya4nxFmDn,0.679,0.48,0.435,0.0,0.0928,-8.795,0.0319,143.942,0.108,28,250093
The Lucky One,reputation Stadium Tour Surprise Song Playlist,2017-11-09,31,24ksPWXKg1k7OOG57pufED,spotify:track:24ksPWXKg1k7OOG57pufED,0.0352,0.706,0.505,0.0,0.13,-7.639,0.0358,117.935,0.561,27,240266
Invisible,reputation Stadium Tour Surprise Song Playlist,2017-11-09,32,0kqC185OTcnuhbz4T7g5RB,spotify:track:0kqC185OTcnuhbz4T7g5RB,0.56,0.608,0.384,0.0,0.165,-5.732,0.0246,95.963,0.217,27,205853
Breathe,reputation Stadium Tour Surprise Song Playlist,2017-11-09,33,3oxgFdIlxFEDEJqn7k5TVN,spotify:track:3oxgFdIlxFEDEJqn7k5TVN,0.416,0.442,0.48,0.0,0.129,-7.405,0.0281,73.849,0.167,32,264946
Better Man,reputation Stadium Tour Surprise Song Playlist,2017-11-09,34,3EXetjrGgwIjDRNn6YA8sa,spotify:track:3EXetjrGgwIjDRNn6YA8sa,0.121,0.503,0.844,0.0,0.0974,-3.648,0.0379,143.941,0.508,31,263613
Jump Then Fall,reputation Stadium Tour Surprise Song Playlist,2017-11-09,35,5zytSTR2g0I9psX2Z12ex6,spotify:track:5zytSTR2g0I9psX2Z12ex6,0.113,0.617,0.699,0.0,0.074,-5.712,0.0271,79.979,0.827,26,238093
Begin Again,reputation Stadium Tour Surprise Song Playlist,2017-11-09,36,2G679wnKfyhUOeNx910OXg,spotify:track:2G679wnKfyhUOeNx910OXg,0.197,0.516,0.526,3.49e-06,0.14,-8.349,0.0269,78.985,0.312,28,239426
Tied Together with a Smile,reputation Stadium Tour Surprise Song Playlist,2017-11-09,37,4qNEi8zGIYLiMtoW8OaJdx,spotify:track:4qNEi8zGIYLiMtoW8OaJdx,0.523,0.478,0.547,0.0,0.0728,-4.948,0.0275,146.134,0.238,27,251213
The Story Of Us,reputation Stadium Tour Surprise Song Playlist,2017-11-09,38,2fF3QzbGCrtrDXIdWcg1mv,spotify:track:2fF3QzbGCrtrDXIdWcg1mv,0.00556,0.547,0.807,0.000318,0.0588,-3.63,0.0398,139.911,0.645,29,267653
Forever & Always,reputation Stadium Tour Surprise Song Playlist,2017-11-09,39,0QCS4NpURHvWdF1icdkfBw,spotify:track:0QCS4NpURHvWdF1icdkfBw,0.0805,0.607,0.829,0.0,0.207,-5.02,0.0587,128.055,0.521,27,226293
Hey Stephen,reputation Stadium Tour Surprise Song Playlist,2017-11-09,40,0TYJbIHBtmWy9ugtU9BcbE,spotify:track:0TYJbIHBtmWy9ugtU9BcbE,0.191,0.843,0.541,1.93e-06,0.108,-7.361,0.0318,116.002,0.839,27,256040
Speak Now,reputation Stadium Tour Surprise Song Playlist,2017-11-09,41,1XLc4irbX7oQSneh6gWv3O,spotify:track:1XLc4irbX7oQSneh6gWv3O,0.0991,0.712,0.603,0.0,0.102,-3.753,0.0304,118.979,0.714,29,243346
Wonderland,reputation Stadium Tour Surprise Song Playlist,2017-11-09,42,0eTCaVOYLpJlSkbEi2jay4,spotify:track:0eTCaVOYLpJlSkbEi2jay4,0.0493,0.422,0.692,2.57e-05,0.177,-5.447,0.0549,184.019,0.197,31,245560
White Horse,reputation Stadium Tour Surprise Song Playlist,2017-11-09,43,4RMfSYDFkcz0bKoK8fHDgR,spotify:track:4RMfSYDFkcz0bKoK8fHDgR,0.311,0.578,0.348,0.0,0.1,-8.066,0.0257,92.671,0.218,28,235400
I'm Only Me When I'm With You,reputation Stadium Tour Surprise Song Playlist,2017-11-09,44,6Py8IKZqDyU8aQVrjilbJw,spotify:track:6Py8IKZqDyU8aQVrjilbJw,0.00454,0.556,0.933,0.000462,0.101,-3.685,0.0719,143.929,0.521,29,215600
Starlight,reputation Stadium Tour Surprise Song Playlist,2017-11-09,45,7txpzmA69zyk50K3ZyZSzC,spotify:track:7txpzmA69zyk50K3ZyZSzC,0.0186,0.649,0.779,0.000474,0.234,-5.798,0.0391,126.014,0.617,27,220600
I Know Places,reputation Stadium Tour Surprise Song Playlist,2017-11-09,46,3qGLcmO0XnnrcpAQGZwTvA,spotify:track:3qGLcmO0XnnrcpAQGZwTvA,0.243,0.603,0.755,0.0,0.178,-4.991,0.0709,159.971,0.496,29,195706
Welcome To New York,1989 (Deluxe),2014-01-01,1,3nRmDz7qGCvsMS30rGGY0x,spotify:track:3nRmDz7qGCvsMS30rGGY0x,0.0348,0.789,0.634,1.64e-06,0.302,-4.762,0.0323,116.992,0.658,49,212600
Blank Space,1989 (Deluxe),2014-01-01,2,1u8c2t2Cy7UBoG4ArRcF5g,spotify:track:1u8c2t2Cy7UBoG4ArRcF5g,0.103,0.76,0.703,0.0,0.0913,-5.412,0.054,95.997,0.57,82,231826
Style,1989 (Deluxe),2014-01-01,3,0ug5NqcwcFR2xrfTkc7k8e,spotify:track:0ug5NqcwcFR2xrfTkc7k8e,0.00245,0.588,0.791,0.00258,0.118,-5.595,0.0402,94.933,0.487,80,231000
Out Of The Woods,1989 (Deluxe),2014-01-01,4,0qUnBLZ8bJqUNEeQgayL9t,spotify:track:0qUnBLZ8bJqUNEeQgayL9t,0.000743,0.553,0.841,1.19e-05,0.341,-6.937,0.0396,92.008,0.338,60,235800
All You Had To Do Was Stay,1989 (Deluxe),2014-01-01,5,6aLOekfwbytwWvQftxTEF0,spotify:track:6aLOekfwbytwWvQftxTEF0,0.00201,0.605,0.725,2.02e-05,0.101,-5.729,0.0323,96.97,0.539,48,193293
Shake It Off,1989 (Deluxe),2014-01-01,6,0cqRj7pUJDkTCEsJkx8snD,spotify:track:0cqRj7pUJDkTCEsJkx8snD,0.0647,0.647,0.8,0.0,0.334,-5.384,0.165,160.078,0.942,80,219200
I Wish You Would,1989 (Deluxe),2014-01-01,7,5gRYrtvyVyaCRvLt56OfuV,spotify:track:5gRYrtvyVyaCRvLt56OfuV,0.0158,0.653,0.893,4.95e-05,0.102,-5.966,0.0538,118.035,0.513,52,207440
Bad Blood,1989 (Deluxe),2014-01-01,8,2NlmmAjGYrrjAp0MED5rGx,spotify:track:2NlmmAjGYrrjAp0MED5rGx,0.0885,0.646,0.794,6.16e-06,0.201,-6.104,0.19,170.216,0.287,52,211933
Wildest Dreams,1989 (Deluxe),2014-01-01,9,4A4A6dwl5DqdqrZaEtKGPR,spotify:track:4A4A6dwl5DqdqrZaEtKGPR,0.0692,0.55,0.688,0.00144,0.106,-7.416,0.0897,139.997,0.465,53,220440
How You Get The Girl,1989 (Deluxe),2014-01-01,10,0fM9dEhUFV4MHDuJgrcfOv,spotify:track:0fM9dEhUFV4MHDuJgrcfOv,0.00364,0.765,0.656,0.00868,0.0918,-6.112,0.0504,119.997,0.545,56,247533
This Love,1989 (Deluxe),2014-01-01,11,4L560fic5PaTuCFm6CviKa,spotify:track:4L560fic5PaTuCFm6CviKa,0.678,0.481,0.435,0.0,0.0928,-8.795,0.0321,143.95,0.107,51,250093
I Know Places,1989 (Deluxe),2014-01-01,12,6EwNJz8CuVsrsLvXprJ20Q,spotify:track:6EwNJz8CuVsrsLvXprJ20Q,0.245,0.602,0.755,0.0,0.178,-4.991,0.071,159.965,0.495,51,195706
Clean,1989 (Deluxe),2014-01-01,13,1NmVZsG18CzCAtw7rnV3yA,spotify:track:1NmVZsG18CzCAtw7rnV3yA,0.232,0.815,0.377,0.0,0.1,-7.754,0.0346,103.97,0.211,56,271000
Wonderland,1989 (Deluxe),2014-01-01,14,6RvRzl1YJTDnUvdOtV21IK,spotify:track:6RvRzl1YJTDnUvdOtV21IK,0.0493,0.422,0.692,2.57e-05,0.177,-5.447,0.0549,184.014,0.197,56,245560
You Are In Love,1989 (Deluxe),2014-01-01,15,2KrOAg6FftbjgSKdd2a4rS,spotify:track:2KrOAg6FftbjgSKdd2a4rS,0.707,0.474,0.48,0.000108,0.0903,-8.894,0.0622,170.109,0.319,56,267106
New Romantics,1989 (Deluxe),2014-01-01,16,0qAIiGFKLdV1xpNlEhjpq8,spotify:track:0qAIiGFKLdV1xpNlEhjpq8,0.00463,0.633,0.889,0.000458,0.0658,-5.87,0.0715,121.956,0.584,63,230466
I Know Places - Voice Memo,1989 (Deluxe),2014-01-01,17,4FoV729rw7IhoKlMZW5K5V,spotify:track:4FoV729rw7IhoKlMZW5K5V,0.829,0.592,0.128,0.0,0.527,-17.932,0.589,78.828,0.15,0,216333
I Wish You Would - Voice Memo,1989 (Deluxe),2014-01-01,18,4eTXfpHxhxVofrBUjAhPMg,spotify:track:4eTXfpHxhxVofrBUjAhPMg,0.717,0.781,0.357,0.0,0.185,-16.394,0.912,118.317,0.645,0,107133
Blank Space - Voice Memo,1989 (Deluxe),2014-01-01,19,4e6QU4gpfZj9xxcK856RgG,spotify:track:4e6QU4gpfZj9xxcK856RgG,0.801,0.675,0.234,0.0,0.657,-15.064,0.721,127.296,0.578,0,131186
State Of Grace,Red (Deluxe Edition),2012-10-22,1,0b16LTzby1YRVd2nq2Z0fw,spotify:track:0b16LTzby1YRVd2nq2Z0fw,0.000197,0.588,0.825,0.00138,0.0884,-5.882,0.0328,129.968,0.397,45,295720
Red,Red (Deluxe Edition),2012-10-22,2,7gJtmLyPTwKzhGzMBXtuXH,spotify:track:7gJtmLyPTwKzhGzMBXtuXH,0.0773,0.602,0.896,8.87e-05,0.0911,-4.267,0.0437,124.978,0.641,55,223093
Treacherous,Red (Deluxe Edition),2012-10-22,3,7nECwCDHS1JvQbrmuorZIH,spotify:track:7nECwCDHS1JvQbrmuorZIH,0.101,0.704,0.621,4.3e-06,0.14,-8.086,0.0334,109.995,0.395,43,242760
I Knew You Were Trouble.,Red (Deluxe Edition),2012-10-22,4,3lKZf71jeNi14udIFPJ29V,spotify:track:3lKZf71jeNi14udIFPJ29V,0.00454,0.622,0.469,2.25e-06,0.0335,-6.798,0.0363,77.019,0.679,60,219720
All Too Well,Red (Deluxe Edition),2012-10-22,5,6GNRkaWUB0Lwc19SdkTgx8,spotify:track:6GNRkaWUB0Lwc19SdkTgx8,0.0382,0.602,0.609,0.0002,0.128,-7.803,0.0243,93.06,0.337,60,329160
22,Red (Deluxe Edition),2012-10-22,6,3WC5CVAahvn98hiseoIvbw,spotify:track:3WC5CVAahvn98hiseoIvbw,0.00215,0.661,0.729,0.0013,0.0477,-6.561,0.0376,103.987,0.668,59,232120
I Almost Do,Red (Deluxe Edition),2012-10-22,7,1eyqSYBCTane4rl4vc6PWJ,spotify:track:1eyqSYBCTane4rl4vc6PWJ,0.0173,0.567,0.481,4.13e-05,0.182,-7.357,0.027,145.865,0.233,44,244560
We Are Never Ever Getting Back Together,Red (Deluxe Edition),2012-10-22,8,6kISMRfweKSvgHR0urMQFG,spotify:track:6kISMRfweKSvgHR0urMQFG,0.00957,0.628,0.676,2.65e-05,0.121,-5.911,0.0916,85.984,0.75,59,193146
Stay Stay Stay,Red (Deluxe Edition),2012-10-22,9,0F2S1QlnMaOfmNHIgmES3k,spotify:track:0F2S1QlnMaOfmNHIgmES3k,0.307,0.729,0.748,1.29e-06,0.0962,-6.67,0.0245,99.981,0.928,45,205853
The Last Time,Red (Deluxe Edition),2012-10-22,10,2Tz4JnXZOcjcp8fWfMjBBk,spotify:track:2Tz4JnXZOcjcp8fWfMjBBk,0.035,0.505,0.443,3.15e-06,0.0906,-7.039,0.0276,94.069,0.123,46,299013
Holy Ground,Red (Deluxe Edition),2012-10-22,11,3KmYVOuK2eG7LGP7qQ8DLR,spotify:track:3KmYVOuK2eG7LGP7qQ8DLR,0.0162,0.627,0.816,0.00208,0.0965,-6.698,0.0774,157.043,0.648,43,202960
Sad Beautiful Tragic,Red (Deluxe Edition),2012-10-22,12,70e9zuv2pJc7ON1OUAJ1zl,spotify:track:70e9zuv2pJc7ON1OUAJ1zl,0.632,0.624,0.34,0.0337,0.0805,-12.411,0.029,129.987,0.261,41,284866
The Lucky One,Red (Deluxe Edition),2012-10-22,13,5VQLMrWhailAhErKNUSnv1,spotify:track:5VQLMrWhailAhErKNUSnv1,0.0371,0.706,0.499,0.0,0.132,-7.675,0.0369,117.937,0.545,41,240266
Everything Has Changed,Red (Deluxe Edition),2012-10-22,14,5PjfMmF06QtxTPZBZHdhoZ,spotify:track:5PjfMmF06QtxTPZBZHdhoZ,0.36,0.624,0.458,3.89e-06,0.311,-6.755,0.0287,80.016,0.436,52,245413
Starlight,Red (Deluxe Edition),2012-10-22,15,1gL4vMhDV3RgJQmDuY5HK1,spotify:track:1gL4vMhDV3RgJQmDuY5HK1,0.0213,0.649,0.777,0.000335,0.21,-5.804,0.0406,126.018,0.587,42,220600
Begin Again,Red (Deluxe Edition),2012-10-22,16,1yG491M3fRfowMdGN5pey4,spotify:track:1yG491M3fRfowMdGN5pey4,0.199,0.53,0.526,3.52e-06,0.14,-8.349,0.0263,79.025,0.323,46,239426
The Moment I Knew,Red (Deluxe Edition),2012-10-22,17,4qTAwKJQ68gmnrnfPD3vlO,spotify:track:4qTAwKJQ68gmnrnfPD3vlO,0.187,0.619,0.506,1.47e-05,0.101,-7.327,0.0315,126.03,0.274,39,286613
Come Back...Be Here,Red (Deluxe Edition),2012-10-22,18,1n8rB9AhxiAvVP1E2c3yOd,spotify:track:1n8rB9AhxiAvVP1E2c3yOd,0.00471,0.483,0.548,2.01e-06,0.0997,-6.291,0.0254,79.926,0.217,44,223920
Girl At Home,Red (Deluxe Edition),2012-10-22,19,6VFpuI0DDmbC5UyWZQ4IRY,spotify:track:6VFpuI0DDmbC5UyWZQ4IRY,0.272,0.733,0.59,0.0,0.134,-5.86,0.0284,125.048,0.633,38,220840
Treacherous - Original Demo Recording,Red (Deluxe Edition),2012-10-22,20,7skiELMb9SiQCcBpsExIJf,spotify:track:7skiELMb9SiQCcBpsExIJf,0.175,0.828,0.64,6.14e-05,0.0991,-8.248,0.0355,109.993,0.519,35,240266
Red - Original Demo Recording,Red (Deluxe Edition),2012-10-22,21,2OghnlGqZZsFzHjG0CSE9l,spotify:track:2OghnlGqZZsFzHjG0CSE9l,0.113,0.678,0.902,0.000235,0.0705,-4.659,0.0358,124.998,0.637,37,227080
State Of Grace - Acoustic,Red (Deluxe Edition),2012-10-22,22,5mfDBWY7ncZFm7ykmFTG4i,spotify:track:5mfDBWY7ncZFm7ykmFTG4i,0.664,0.626,0.118,0.000169,0.127,-15.91,0.0305,105.597,0.0682,38,323080
Sparks Fly - Live/2011,Speak Now World Tour Live,2010-10-25,1,1aBJNc2thaKyh5THWzIqHX,spotify:track:1aBJNc2thaKyh5THWzIqHX,0.00917,0.455,0.783,0.0,0.918,-5.184,0.0393,114.981,0.298,42,336826
Mine - Live/2011,Speak Now World Tour Live,2010-10-25,2,7yndkPYP6YQQLBpPsizDfh,spotify:track:7yndkPYP6YQQLBpPsizDfh,0.00233,0.496,0.852,0.0,0.554,-4.775,0.0373,120.969,0.442,40,259279
The Story Of Us - Live,Speak Now World Tour Live,2010-10-25,3,72GIZuUXo14oyrS0si3Rgc,spotify:track:72GIZuUXo14oyrS0si3Rgc,0.00048,0.419,0.908,0.0,0.815,-5.156,0.0651,139.813,0.472,41,290520
Mean - Live/2011,Speak Now World Tour Live,2010-10-25,4,7mFiEij8AXPUZB7aKLbUlQ,spotify:track:7mFiEij8AXPUZB7aKLbUlQ,0.154,0.429,0.915,0.0,0.693,-4.373,0.069,163.752,0.432,40,246373
Ours - Live/2011,Speak Now World Tour Live,2010-10-25,5,68QyrSzpnoU04AAhE5z8lj,spotify:track:68QyrSzpnoU04AAhE5z8lj,0.715,0.421,0.355,0.0,0.867,-10.21,0.0298,77.769,0.267,39,245973
Back To December/Apologize/You're Not Sorry - Live/2011/Medley,Speak Now World Tour Live,2010-10-25,6,1IsquhJFJ0qcFZI7FeAEuN,spotify:track:1IsquhJFJ0qcFZI7FeAEuN,0.155,0.374,0.516,0.0,0.795,-8.745,0.0294,142.057,0.171,46,362826
Better Than Revenge - Live/2011,Speak Now World Tour Live,2010-10-25,7,6505MLhnqTDDg4tjoUz2Wp,spotify:track:6505MLhnqTDDg4tjoUz2Wp,0.00306,0.445,0.887,2.67e-05,0.931,-5.629,0.0768,145.954,0.386,41,344573
Speak Now - Live/2011,Speak Now World Tour Live,2010-10-25,8,3QFB14MOUf3imlyISNmrbT,spotify:track:3QFB14MOUf3imlyISNmrbT,0.0636,0.615,0.694,1.28e-06,0.83,-5.251,0.0318,118.876,0.373,40,248146
Last Kiss - Live/2011,Speak Now World Tour Live,2010-10-25,9,6hH37tyeRdyan1mAppmVor,spotify:track:6hH37tyeRdyan1mAppmVor,0.205,0.427,0.395,8.73e-06,0.701,-12.551,0.0291,79.517,0.188,40,369066
Drops Of Jupiter - Live/2011,Speak Now World Tour Live,2010-10-25,10,0BSmbCIY36iw04azzJ3S0S,spotify:track:0BSmbCIY36iw04azzJ3S0S,0.806,0.374,0.504,0.0,0.76,-8.407,0.0392,109.025,0.27,46,315173
Bette Davis Eyes - Live/2011,Speak Now World Tour Live,2010-10-25,11,6KF9xd2hBLuexrmBX4vUWD,spotify:track:6KF9xd2hBLuexrmBX4vUWD,0.713,0.327,0.488,0.0,0.837,-9.287,0.0322,104.46,0.363,42,189146
I Want You Back - Live/2011,Speak Now World Tour Live,2010-10-25,12,4KB3zBArZ1rHRExilzycaV,spotify:track:4KB3zBArZ1rHRExilzycaV,0.794,0.536,0.512,0.000122,0.497,-6.794,0.0341,97.397,0.249,41,83253
Dear John - Live/2011,Speak Now World Tour Live,2010-10-25,13,4DbI1rr4IQ2bc8nejy9ttd,spotify:track:4DbI1rr4IQ2bc8nejy9ttd,0.0157,0.521,0.386,0.0,0.884,-8.784,0.0301,119.518,0.138,40,404680
Enchanted - Live/2011,Speak Now World Tour Live,2010-10-25,14,3lm4L3pPL32PFy74dR17OR,spotify:track:3lm4L3pPL32PFy74dR17OR,0.0747,0.34,0.663,2.34e-06,0.563,-5.597,0.0331,163.678,0.214,42,389213
Haunted - Live/2011,Speak Now World Tour Live,2010-10-25,15,6znB7YZhMJT2B83zfbiyLq,spotify:track:6znB7YZhMJT2B83zfbiyLq,0.0245,0.338,0.818,0.0,0.889,-7.495,0.0496,162.157,0.177,41,292426
Long Live - Live/2011,Speak Now World Tour Live,2010-10-25,16,5QkzyLUb4ggojNDp8G2OxX,spotify:track:5QkzyLUb4ggojNDp8G2OxX,0.0053,0.544,0.728,0.0,0.865,-5.838,0.0282,101.939,0.204,41,376466
Mine - POP Mix,Speak Now (Deluxe Package),2010-01-01,1,0OAHsZ8vrS2NKom3cvfJQD,spotify:track:0OAHsZ8vrS2NKom3cvfJQD,0.00461,0.696,0.768,1.21e-06,0.101,-3.863,0.0308,121.05,0.692,42,230546
Sparks Fly,Speak Now (Deluxe Package),2010-01-01,2,09cM9BjyNFizKUOXh6j9rT,spotify:track:09cM9BjyNFizKUOXh6j9rT,0.0387,0.608,0.785,0.0,0.158,-2.976,0.0311,114.985,0.376,52,260946
Back To December,Speak Now (Deluxe Package),2010-01-01,3,0tr6XR58KBdDYd8qvHVTs8,spotify:track:0tr6XR58KBdDYd8qvHVTs8,0.0202,0.517,0.606,0.0,0.324,-5.797,0.0289,141.929,0.296,64,293040
Speak Now,Speak Now (Deluxe Package),2010-01-01,4,2PBghI9zJkQEWBzMSMo2Ki,spotify:track:2PBghI9zJkQEWBzMSMo2Ki,0.101,0.708,0.601,0.0,0.0979,-3.75,0.0306,118.962,0.742,52,240773
Dear John,Speak Now (Deluxe Package),2010-01-01,5,1GeLxMgpeCnMJntwyW6rLw,spotify:track:1GeLxMgpeCnMJntwyW6rLw,0.183,0.583,0.468,1.65e-06,0.111,-5.378,0.0278,119.375,0.126,46,403887
Mean,Speak Now (Deluxe Package),2010-01-01,6,6yM6QsnTCTVOkKEvg3hGlo,spotify:track:6yM6QsnTCTVOkKEvg3hGlo,0.445,0.57,0.747,0.0,0.219,-3.978,0.0426,164.004,0.808,55,237746
The Story Of Us,Speak Now (Deluxe Package),2010-01-01,7,7vBlnGdfOLzVEqiOQQxeU8,spotify:track:7vBlnGdfOLzVEqiOQQxeU8,0.000315,0.575,0.855,0.00161,0.0419,-4.827,0.0467,139.92,0.84,41,265636
Never Grow Up,Speak Now (Deluxe Package),2010-01-01,8,57w0Uyk2jJAkO2hMJ36xJZ,spotify:track:57w0Uyk2jJAkO2hMJ36xJZ,0.829,0.715,0.308,0.0,0.16,-8.829,0.0305,124.899,0.547,46,290480
Enchanted,Speak Now (Deluxe Package),2010-01-01,9,3sqrvkNC6IPTIXvvbx9Arw,spotify:track:3sqrvkNC6IPTIXvvbx9Arw,0.0716,0.535,0.618,0.000388,0.169,-3.913,0.0273,81.975,0.228,72,352200
Better Than Revenge,Speak Now (Deluxe Package),2010-01-01,10,55mh9j2aB7xZ1Oh463gK8k,spotify:track:55mh9j2aB7xZ1Oh463gK8k,0.0167,0.519,0.917,2.06e-05,0.359,-3.185,0.0887,145.882,0.652,54,217173
Innocent,Speak Now (Deluxe Package),2010-01-01,11,4LraIz87diVQdDK0rhi0S4,spotify:track:4LraIz87diVQdDK0rhi0S4,0.202,0.553,0.604,0.0,0.125,-5.295,0.0258,133.989,0.186,40,302266
Haunted,Speak Now (Deluxe Package),2010-01-01,12,72idZxdEHLbi2YI486c3sE,spotify:track:72idZxdEHLbi2YI486c3sE,0.0769,0.434,0.944,0.0,0.151,-2.641,0.0581,162.02,0.361,48,242093
Last Kiss,Speak Now (Deluxe Package),2010-01-01,13,1VCJ7vk3Y2DoJIAEOXe3V8,spotify:track:1VCJ7vk3Y2DoJIAEOXe3V8,0.581,0.359,0.329,3.75e-05,0.0979,-9.531,0.0293,84.358,0.208,46,367146
Long Live,Speak Now (Deluxe Package),2010-01-01,14,7BFc7ffruhZ4Hecnqf5xju,spotify:track:7BFc7ffruhZ4Hecnqf5xju,0.0426,0.412,0.682,7.47e-05,0.106,-4.319,0.0339,203.959,0.146,47,317960
Ours,Speak Now (Deluxe Package),2010-01-01,15,0hK93KD6Y0j9giUGh4Valj,spotify:track:0hK93KD6Y0j9giUGh4Valj,0.505,0.61,0.556,0.0,0.0851,-7.369,0.0285,159.838,0.192,47,238173
If This Was A Movie,Speak Now (Deluxe Package),2010-01-01,16,5tSmAABuoOfR59lrtXdDqm,spotify:track:5tSmAABuoOfR59lrtXdDqm,0.154,0.515,0.724,4.05e-06,0.269,-3.498,0.0267,147.788,0.257,46,234546
Superman,Speak Now (Deluxe Package),2010-01-01,17,6aJ0ipi4EPmu1aTbFeXZnw,spotify:track:6aJ0ipi4EPmu1aTbFeXZnw,0.0187,0.582,0.817,1.94e-06,0.101,-3.718,0.0337,131.983,0.547,40,276266
Back To December - Acoustic,Speak Now (Deluxe Package),2010-01-01,18,7k7BOXE4u6luKTwcLEAyrd,spotify:track:7k7BOXE4u6luKTwcLEAyrd,0.731,0.541,0.451,0.0,0.197,-6.522,0.027,141.713,0.333,49,292533
Haunted - Acoustic Version,Speak Now (Deluxe Package),2010-01-01,19,6SdBf0ZsJZoKaH5zcDaz9X,spotify:track:6SdBf0ZsJZoKaH5zcDaz9X,0.841,0.574,0.462,0.0,0.28,-5.124,0.0252,80.858,0.314,44,217626
Mine,Speak Now (Deluxe Package),2010-01-01,20,67Io3gxHwfbUreBf114c0u,spotify:track:67Io3gxHwfbUreBf114c0u,0.00327,0.621,0.78,4.55e-06,0.184,-2.934,0.0297,121.038,0.672,58,230773
Back To December,Speak Now (Deluxe Package),2010-01-01,21,5aNkiOMxQXkpoEY5bTYoCh,spotify:track:5aNkiOMxQXkpoEY5bTYoCh,0.113,0.525,0.676,0.0,0.294,-4.684,0.0294,141.95,0.281,35,293040
The Story Of Us,Speak Now (Deluxe Package),2010-01-01,22,2jt90bYlYDg1lXYWES34LJ,spotify:track:2jt90bYlYDg1lXYWES34LJ,0.00487,0.546,0.809,0.000372,0.0437,-3.621,0.041,139.91,0.649,53,266480
Jump Then Fall,Fearless (Platinum Edition),2008-11-11,1,6WWvcA62QlnRguluWAk6bv,spotify:track:6WWvcA62QlnRguluWAk6bv,0.111,0.618,0.687,0.0,0.0693,-5.737,0.0271,79.991,0.82,42,237066
Untouchable,Fearless (Platinum Edition),2008-11-11,2,6ovFJkdau79DuXEvQjPaNH,spotify:track:6ovFJkdau79DuXEvQjPaNH,0.0583,0.419,0.454,3.78e-06,0.0974,-6.809,0.0335,200.017,0.288,44,311040
Forever & Always - Piano Version,Fearless (Platinum Edition),2008-11-11,3,13MAWVUSkbGMUi6I7RowRK,spotify:track:13MAWVUSkbGMUi6I7RowRK,0.852,0.592,0.16,0.0,0.116,-10.785,0.0347,118.929,0.294,41,267506
Come In With The Rain,Fearless (Platinum Edition),2008-11-11,4,0cEG04R5cldkTLzK6phlcn,spotify:track:0cEG04R5cldkTLzK6phlcn,0.0961,0.527,0.461,2.47e-06,0.24,-6.172,0.0256,143.94,0.23,40,238093
SuperStar,Fearless (Platinum Edition),2008-11-11,5,0XfTh16YcKPzdxMPTeKTAq,spotify:track:0XfTh16YcKPzdxMPTeKTAq,0.367,0.61,0.531,0.0,0.351,-6.123,0.0239,85.979,0.228,39,261453
The Other Side Of The Door,Fearless (Platinum Edition),2008-11-11,6,1yDJcXc549N6AabNBzFAku,spotify:track:1yDJcXc549N6AabNBzFAku,0.169,0.476,0.816,0.0,0.238,-4.279,0.0347,163.847,0.469,40,237600
Fearless,Fearless (Platinum Edition),2008-11-11,7,2okho7vU7Nsq1UZD0kgIMi,spotify:track:2okho7vU7Nsq1UZD0kgIMi,0.0364,0.598,0.714,1.04e-06,0.31,-4.397,0.0273,99.979,0.467,51,242000
Fifteen,Fearless (Platinum Edition),2008-11-11,8,5Ora3Ish2A1JN5veGYTxhw,spotify:track:5Ora3Ish2A1JN5veGYTxhw,0.0728,0.559,0.636,0.0,0.144,-4.4,0.0263,95.485,0.214,40,294346
Love Story,Fearless (Platinum Edition),2008-11-11,9,5hnJCRSo4pxRsaEwT9YusG,spotify:track:5hnJCRSo4pxRsaEwT9YusG,0.157,0.618,0.736,0.0,0.073,-3.937,0.0308,118.982,0.307,57,235280
Hey Stephen,Fearless (Platinum Edition),2008-11-11,10,3CI1f4yLwdHzcUnH7o0Xyh,spotify:track:3CI1f4yLwdHzcUnH7o0Xyh,0.168,0.843,0.553,2.66e-06,0.107,-7.348,0.0317,115.997,0.825,44,254320
White Horse,Fearless (Platinum Edition),2008-11-11,11,5yKB8qcTSflDercM2PXwot,spotify:track:5yKB8qcTSflDercM2PXwot,0.302,0.585,0.346,0.0,0.102,-8.014,0.0256,92.564,0.195,42,234440
You Belong With Me,Fearless (Platinum Edition),2008-11-11,12,4kgTdThcDHfuDS2kKxB7Lc,spotify:track:4kgTdThcDHfuDS2kKxB7Lc,0.164,0.687,0.771,2.46e-05,0.112,-4.424,0.0384,129.964,0.445,58,231146
Breathe,Fearless (Platinum Edition),2008-11-11,13,23qIWGhpwvDgC23TyZOUck,spotify:track:23qIWGhpwvDgC23TyZOUck,0.373,0.498,0.486,0.0,0.113,-7.384,0.0273,147.952,0.17,39,263986
Tell Me Why,Fearless (Platinum Edition),2008-11-11,14,4x7Gxk2GfwZJcqpoVT1PbR,spotify:track:4x7Gxk2GfwZJcqpoVT1PbR,0.0606,0.601,0.852,3.41e-06,0.37,-3.096,0.0386,100.015,0.513,41,200560
You're Not Sorry,Fearless (Platinum Edition),2008-11-11,15,3JhvYnOfKLJuWC7jEU0GmJ,spotify:track:3JhvYnOfKLJuWC7jEU0GmJ,0.13,0.459,0.459,2.3e-06,0.113,-4.126,0.0275,134.018,0.281,43,261800
The Way I Loved You,Fearless (Platinum Edition),2008-11-11,16,4pEZUytwBzha5Un6m3SCFf,spotify:track:4pEZUytwBzha5Un6m3SCFf,0.0322,0.436,0.712,0.0,0.111,-3.689,0.0329,160.886,0.379,49,244240
Forever & Always,Fearless (Platinum Edition),2008-11-11,17,3NKCWBT2uKp8rxSkcvIrdX,spotify:track:3NKCWBT2uKp8rxSkcvIrdX,0.0907,0.605,0.829,0.0,0.106,-4.993,0.0549,128.012,0.514,44,225333
The Best Day,Fearless (Platinum Edition),2008-11-11,18,7CjuAoOiSrwWv7wJonAUmw,spotify:track:7CjuAoOiSrwWv7wJonAUmw,0.611,0.664,0.447,1e-06,0.139,-8.535,0.0292,126.079,0.364,41,245346
Change,Fearless (Platinum Edition),2008-11-11,19,3gFaNwyiafgUoQhR0pHYA9,spotify:track:3gFaNwyiafgUoQhR0pHYA9,0.00471,0.548,0.756,0.0,0.117,-4.175,0.036,96.038,0.224,40,281053
Love Story - Live From Clear Channel Stripped 2008,Live From Clear Channel Stripped 2008,2008-06-28,1,4RBKAqJ3qyvvriDG0s9IJ3,spotify:track:4RBKAqJ3qyvvriDG0s9IJ3,0.659,0.741,0.444,0.0,0.131,-7.031,0.0311,119.006,0.512,36,221028
Fearless - Live From Clear Channel Stripped 2008,Live From Clear Channel Stripped 2008,2008-06-28,2,5g7RMU3cV7zXWH244BLe7G,spotify:track:5g7RMU3cV7zXWH244BLe7G,0.814,0.623,0.266,0.0,0.145,-5.894,0.026,96.601,0.467,35,198247
Beautiful Eyes - Live From Clear Channel Stripped 2008,Live From Clear Channel Stripped 2008,2008-06-28,3,4aBW31cmkA7BLColUsMEeZ,spotify:track:4aBW31cmkA7BLColUsMEeZ,0.596,0.627,0.704,0.0,0.0598,-3.739,0.0269,98.958,0.457,38,176316
Untouchable - Live From Clear Channel Stripped 2008,Live From Clear Channel Stripped 2008,2008-06-28,4,4MbHDiHQjhmoVAV75G04Ql,spotify:track:4MbHDiHQjhmoVAV75G04Ql,0.856,0.731,0.184,0.0,0.0927,-9.235,0.0418,102.404,0.331,32,222959
Teardrops On My Guitar - Live From Clear Channel Stripped 2008,Live From Clear Channel Stripped 2008,2008-06-28,5,4DjevQhsPWULcondN4mRh5,spotify:track:4DjevQhsPWULcondN4mRh5,0.664,0.344,0.801,0.0,0.106,-5.373,0.0574,204.489,0.615,31,196346
Picture To Burn - Live From Clear Channel Stripped 2008,Live From Clear Channel Stripped 2008,2008-06-28,6,7EvU9pRoJ9Xs7anx0P7tEc,spotify:track:7EvU9pRoJ9Xs7anx0P7tEc,0.266,0.647,0.872,0.0,0.419,-1.953,0.0524,105.798,0.684,30,173899
Should've Said No - Live From Clear Channel Stripped 2008,Live From Clear Channel Stripped 2008,2008-06-28,7,5a9hUL6ZuiagZhazwrtwHF,spotify:track:5a9hUL6ZuiagZhazwrtwHF,0.399,0.429,0.808,0.0,0.0884,-3.004,0.0677,171.537,0.438,31,228473
Change - Live From Clear Channel Stripped 2008,Live From Clear Channel Stripped 2008,2008-06-28,8,69o9kr9UexjzeZDE8yD8dQ,spotify:track:69o9kr9UexjzeZDE8yD8dQ,0.156,0.243,0.712,0.0,0.111,-4.307,0.0577,202.319,0.273,28,258487
Tim McGraw,Taylor Swift,2006-10-24,1,2Fn01AIMyHbha2ceNQeOqw,spotify:track:2Fn01AIMyHbha2ceNQeOqw,0.575,0.58,0.491,0.0,0.121,-6.462,0.0251,76.009,0.425,55,232106
Picture To Burn,Taylor Swift,2006-10-24,2,4BYejINgfZF0qKDMEH2cim,spotify:track:4BYejINgfZF0qKDMEH2cim,0.173,0.658,0.877,0.0,0.0962,-2.098,0.0323,105.586,0.821,60,173066
Teardrops On My Guitar - Radio Single Remix,Taylor Swift,2006-10-24,3,2TF4UtYreqNbQ6Z9AccldU,spotify:track:2TF4UtYreqNbQ6Z9AccldU,0.288,0.621,0.417,0.0,0.119,-6.941,0.0231,99.953,0.289,63,203040
A Place in this World,Taylor Swift,2006-10-24,4,1oR4MUBpyNrAViC8wPNpfm,spotify:track:1oR4MUBpyNrAViC8wPNpfm,0.051,0.576,0.777,0.0,0.32,-2.881,0.0324,115.028,0.428,55,199200
Cold As You,Taylor Swift,2006-10-24,5,569sXXQ7t0jSdqHooi2yqs,spotify:track:569sXXQ7t0jSdqHooi2yqs,0.217,0.418,0.482,0.0,0.123,-5.769,0.0266,175.558,0.261,55,239013
The Outside,Taylor Swift,2006-10-24,6,5Tj2MqcFMf60CaGsKbM1aq,spotify:track:5Tj2MqcFMf60CaGsKbM1aq,0.00491,0.589,0.805,0.0,0.24,-4.055,0.0293,112.982,0.591,54,207106
Tied Together with a Smile,Taylor Swift,2006-10-24,7,2zzxwmoOBnXDT0KnJsoIWk,spotify:track:2zzxwmoOBnXDT0KnJsoIWk,0.525,0.479,0.578,0.0,0.0841,-4.963,0.0294,146.165,0.192,53,248106
Stay Beautiful,Taylor Swift,2006-10-24,8,41sjzdjScVwnxnxADElts6,spotify:track:41sjzdjScVwnxnxADElts6,0.0868,0.594,0.629,0.0,0.137,-4.919,0.0246,131.597,0.504,53,236053
Should've Said No,Taylor Swift,2006-10-24,9,6CdaXOq1MWe2JHDalTG01d,spotify:track:6CdaXOq1MWe2JHDalTG01d,0.0103,0.476,0.777,0.0,0.196,-3.771,0.0289,167.964,0.472,60,242200
Mary's Song (Oh My My My),Taylor Swift,2006-10-24,10,2O8sogKJCfVZ4rotBv1vVF,spotify:track:2O8sogKJCfVZ4rotBv1vVF,0.0177,0.403,0.627,0.0,0.182,-5.28,0.0292,74.9,0.374,55,213080
Our Song,Taylor Swift,2006-10-24,11,1j6gmK6u4WNI33lMZ8dC1s,spotify:track:1j6gmK6u4WNI33lMZ8dC1s,0.111,0.668,0.672,0.0,0.329,-4.931,0.0303,89.011,0.539,65,201106
I'm Only Me When I'm With You,Taylor Swift,2006-10-24,12,7CzxXgQXurKZCyHz9ufbo1,spotify:track:7CzxXgQXurKZCyHz9ufbo1,0.00452,0.563,0.934,0.000807,0.103,-3.629,0.0646,143.964,0.518,55,213053
Invisible,Taylor Swift,2006-10-24,13,1k3PzDNjg38cWqOvL4M9vq,spotify:track:1k3PzDNjg38cWqOvL4M9vq,0.637,0.612,0.394,0.0,0.147,-5.723,0.0243,96.001,0.233,53,203226
A Perfectly Good Heart,Taylor Swift,2006-10-24,14,0YgHuReCSPwTXYny7isLja,spotify:track:0YgHuReCSPwTXYny7isLja,0.00349,0.483,0.751,0.0,0.128,-5.726,0.0365,156.092,0.268,52,220146
Teardrops on My Guitar - Pop Version,Taylor Swift,2006-10-24,15,1hxLyjC9D9Jpw6EAPKqWv4,spotify:track:1hxLyjC9D9Jpw6EAPKqWv4,0.0402,0.459,0.753,0.0,0.0863,-3.827,0.0537,199.997,0.483,55,179066
